{"highest_m2m": 179.9999999999996, "Current M2M": -63.749999999998636, "Stoploss Price": -2070.0000000000005, "Realised M2M": 0.0, "Unrealised M2M": -7.499999999999204, "Booked": 0, "Position": "beginx", "leg1": 200, "leg2": 200, "leg3": 200, "leg4": 200, "Date": "2025-03-07", "Cycle Count": 1}