{"highest_m2m": 176.24999999999824, "Current M2M": -67.50000000000023, "Stoploss Price": -2073.750000000002, "Realised M2M": 0.0, "Unrealised M2M": 3.749999999999204, "Booked": 0, "Position": "beginx", "leg1": 200, "leg2": 200, "leg3": 200, "leg4": 200, "Date": "2025-03-07", "Cycle Count": 1}